time,day,swiggy,zomato,eatsure,eatclub,dominoz,bigBasket,dunzo,zepto,blinkit,others,total deliveries
2022-10-15 0:00:00,sat,4,3,0,2,0,0,0,2,0,0,11
2022-10-15 1:00:00,sat,3,1,0,0,0,0,0,0,0,0,4
2022-10-15 2:00:00,sat,3,1,1,0,0,0,0,0,0,0,5
2022-10-15 3:00:00,sat,2,0,0,0,0,0,0,0,0,0,2
2022-10-15 4:00:00,sat,2,1,0,0,0,0,0,0,0,0,3
2022-10-15 5:00:00,sat,1,0,0,0,0,0,0,0,0,0,1
2022-10-15 6:00:00,sat,0,0,0,0,0,0,0,0,0,0,0
2022-10-15 7:00:00,sat,0,0,0,0,0,2,0,0,0,0,2
2022-10-15 8:00:00,sat,0,0,0,0,1,2,0,3,0,0,6
2022-10-15 9:00:00,sat,0,2,0,0,0,0,1,1,0,0,4
2022-10-15 10:00:00,sat,0,0,0,0,1,0,0,0,0,0,1
2022-10-15 11:00:00,sat,0,0,0,0,0,0,0,1,0,0,1
2022-10-15 12:00:00,sat,5,0,0,0,0,0,2,1,0,0,8
2022-10-15 13:00:00,sat,7,0,0,0,0,0,1,1,0,0,9
2022-10-15 14:00:00,sat,13,3,0,1,0,0,1,0,0,0,18
2022-10-15 15:00:00,sat,11,2,1,1,0,1,0,1,0,0,17
2022-10-15 16:00:00,sat,5,4,0,1,0,1,1,1,1,0,14
2022-10-15 17:00:00,sat,3,1,0,0,0,0,1,2,0,0,7
2022-10-15 18:00:00,sat,4,2,0,1,0,0,1,1,0,0,9
2022-10-15 19:00:00,sat,10,7,0,1,0,2,2,1,1,0,24
2022-10-15 20:00:00,sat,16,11,0,1,1,0,0,1,1,0,31
2022-10-15 21:00:00,sat,15,1,1,0,1,0,0,2,1,0,21
2022-10-15 22:00:00,sat,11,3,0,2,0,0,0,3,0,0,19
2022-10-15 23:00:00,sat,3,3,0,0,0,0,0,4,1,0,11
2022-10-16 0:00:00,sun,4,2,0,0,0,0,0,0,1,0,7
2022-10-16 1:00:00,sun,4,0,0,0,0,0,0,0,0,0,4
2022-10-16 2:00:00,sun,2,0,0,0,0,0,0,0,0,0,2
2022-10-16 3:00:00,sun,0,1,0,0,0,0,0,0,0,0,1
2022-10-16 4:00:00,sun,0,1,0,0,0,0,0,0,0,0,1
2022-10-16 5:00:00,sun,0,0,0,0,0,0,0,0,0,0,0
2022-10-16 6:00:00,sun,0,0,0,0,0,0,0,0,0,0,0
2022-10-16 7:00:00,sun,1,0,0,0,0,1,0,1,0,0,3
2022-10-16 8:00:00,sun,0,0,0,0,0,1,0,2,0,0,3
2022-10-16 9:00:00,sun,0,0,0,0,0,1,2,1,1,0,5
2022-10-16 10:00:00,sun,2,3,0,0,0,0,2,1,0,0,8
2022-10-16 11:00:00,sun,0,1,0,1,0,1,1,0,0,0,4
2022-10-16 12:00:00,sun,16,4,0,2,1,0,1,4,0,0,28
2022-10-16 13:00:00,sun,22,5,0,2,0,1,0,2,2,0,34
2022-10-16 14:00:00,sun,25,7,0,2,0,1,1,2,0,0,38
2022-10-16 15:00:00,sun,24,4,0,4,0,1,0,1,0,0,34
2022-10-16 16:00:00,sun,7,3,1,0,0,2,2,0,0,0,15
2022-10-16 17:00:00,sun,3,0,1,0,0,1,0,1,0,0,6
2022-10-16 18:00:00,sun,8,3,0,0,1,1,0,1,1,0,15
2022-10-16 19:00:00,sun,10,3,0,2,1,1,1,1,0,0,19
2022-10-16 20:00:00,sun,34,11,0,1,1,1,0,0,1,0,49
2022-10-16 21:00:00,sun,32,9,0,0,1,0,0,0,1,0,43
2022-10-16 22:00:00,sun,20,1,0,0,0,0,1,4,0,0,26
2022-10-16 23:00:00,sun,8,2,0,0,0,0,1,1,0,0,12
2022-10-17 0:00:00,mon,4,0,0,0,0,0,0,1,0,0,5
2022-10-17 1:00:00,mon,2,1,0,0,0,0,0,0,0,0,3
2022-10-17 2:00:00,mon,2,1,0,0,0,0,0,0,0,0,3
2022-10-17 3:00:00,mon,1,1,0,0,0,0,0,0,0,0,2
2022-10-17 4:00:00,mon,0,1,0,0,0,0,0,0,0,0,1
2022-10-17 5:00:00,mon,0,0,0,0,0,0,0,0,0,0,0
2022-10-17 6:00:00,mon,0,0,0,0,0,0,0,0,0,0,0
2022-10-17 7:00:00,mon,1,0,0,0,0,2,0,0,0,0,3
2022-10-17 8:00:00,mon,0,0,0,0,0,0,0,0,0,0,0
2022-10-17 9:00:00,mon,0,0,0,0,0,0,0,0,0,0,0
2022-10-17 10:00:00,mon,2,0,0,0,0,0,0,2,0,0,4
2022-10-17 11:00:00,mon,3,2,0,1,0,0,1,1,0,0,8
2022-10-17 12:00:00,mon,7,0,0,3,0,0,1,2,0,0,13
2022-10-17 13:00:00,mon,8,6,0,1,0,0,1,2,1,0,19
2022-10-17 14:00:00,mon,6,3,0,2,0,1,0,2,1,0,15
2022-10-17 15:00:00,mon,3,3,0,1,1,0,1,1,0,0,10
2022-10-17 16:00:00,mon,4,1,0,1,0,1,0,0,0,0,7
2022-10-17 17:00:00,mon,1,1,0,0,0,0,0,0,0,0,2
2022-10-17 18:00:00,mon,2,2,0,0,0,1,0,2,0,2,9
2022-10-17 19:00:00,mon,8,3,0,0,1,1,0,2,0,0,15
2022-10-17 20:00:00,mon,15,11,0,1,0,2,0,2,0,0,31
2022-10-17 21:00:00,mon,11,1,2,1,0,0,0,0,0,0,15
2022-10-17 22:00:00,mon,6,1,2,1,0,0,1,0,0,1,12
2022-10-17 23:00:00,mon,6,0,0,0,0,0,0,0,0,0,6
2022-10-18 0:00:00,tue,2,1,0,0,0,0,0,0,0,0,3
2022-10-18 1:00:00,tue,1,0,0,0,0,0,0,0,0,0,1
2022-10-18 2:00:00,tue,3,0,0,0,0,0,0,0,0,0,3
2022-10-18 3:00:00,tue,1,1,0,0,0,0,0,0,0,0,2
2022-10-18 4:00:00,tue,0,1,0,0,0,0,0,0,0,0,1
2022-10-18 5:00:00,tue,0,1,0,0,0,0,0,0,0,0,1
2022-10-18 6:00:00,tue,0,0,0,0,0,0,0,0,0,0,0
2022-10-18 7:00:00,tue,0,0,0,0,0,1,0,1,0,0,2
2022-10-18 8:00:00,tue,0,0,1,0,0,1,0,1,1,0,4
2022-10-18 9:00:00,tue,1,0,0,0,0,0,0,0,0,0,1
2022-10-18 10:00:00,tue,3,1,0,0,0,0,0,2,0,0,6
2022-10-18 11:00:00,tue,6,0,0,0,0,1,1,1,0,0,9
2022-10-18 12:00:00,tue,9,2,0,0,0,0,0,1,0,0,12
2022-10-18 13:00:00,tue,18,4,1,2,0,0,0,1,0,0,26
2022-10-18 14:00:00,tue,8,3,0,0,1,1,0,2,1,0,16
2022-10-18 15:00:00,tue,5,0,1,2,0,0,0,0,0,0,8
2022-10-18 16:00:00,tue,7,3,0,0,0,1,0,2,0,0,13
2022-10-18 17:00:00,tue,4,1,0,0,0,0,0,2,1,0,8
2022-10-18 18:00:00,tue,9,3,0,1,0,2,0,0,0,0,15
2022-10-18 19:00:00,tue,8,3,0,3,0,1,2,2,0,0,19
2022-10-18 20:00:00,tue,16,5,0,0,0,2,2,3,0,0,28
2022-10-18 21:00:00,tue,23,5,1,1,1,0,0,1,0,0,32
2022-10-18 22:00:00,tue,13,2,0,2,0,0,1,1,0,0,19
2022-10-18 23:00:00,tue,17,1,0,1,0,0,1,1,0,0,21
2022-10-19 0:00:00,wed,7,2,0,0,0,0,0,0,0,0,9
2022-10-19 1:00:00,wed,2,1,0,0,0,0,0,0,0,0,3
2022-10-19 2:00:00,wed,1,3,0,0,0,0,0,0,0,0,4
2022-10-19 3:00:00,wed,1,0,0,0,0,0,0,0,0,0,1
2022-10-19 4:00:00,wed,0,0,0,0,0,0,0,0,0,0,0
2022-10-19 5:00:00,wed,0,0,0,0,0,0,0,0,0,0,0
2022-10-19 6:00:00,wed,0,0,0,0,0,0,1,0,0,0,1
2022-10-19 7:00:00,wed,2,0,0,0,0,1,0,1,0,0,4
2022-10-19 8:00:00,wed,0,0,0,0,0,1,0,1,0,0,2
2022-10-19 9:00:00,wed,0,0,0,0,0,2,0,2,0,0,4
2022-10-19 10:00:00,wed,1,1,0,0,0,1,1,2,0,0,6
2022-10-19 11:00:00,wed,3,2,0,0,0,0,1,1,0,0,7
2022-10-19 12:00:00,wed,7,3,0,2,0,0,0,0,0,0,12
2022-10-19 13:00:00,wed,16,6,0,0,0,0,1,0,0,3,26
2022-10-19 14:00:00,wed,14,1,0,0,1,1,0,1,0,0,18
2022-10-19 15:00:00,wed,4,3,0,3,0,0,1,0,0,1,12
2022-10-19 16:00:00,wed,6,1,0,2,0,0,0,1,0,0,10
2022-10-19 17:00:00,wed,3,1,0,0,0,0,0,1,0,0,5
2022-10-19 18:00:00,wed,6,0,0,0,0,1,0,0,1,0,8
2022-10-19 19:00:00,wed,7,3,1,1,0,0,0,0,1,0,13
2022-10-19 20:00:00,wed,18,5,0,0,0,0,0,3,0,0,26
2022-10-19 21:00:00,wed,7,3,0,0,0,0,1,2,0,0,13
2022-10-19 22:00:00,wed,14,3,0,0,0,0,0,0,0,0,17
2022-10-19 23:00:00,wed,15,4,0,0,0,0,0,0,0,0,19
2022-10-20 0:00:00,thu,4,3,0,0,0,0,0,0,0,0,7
2022-10-20 1:00:00,thu,2,1,0,0,0,0,0,0,0,0,3
2022-10-20 2:00:00,thu,0,0,0,0,0,0,0,1,0,0,1
2022-10-20 3:00:00,thu,1,0,0,0,0,0,0,0,0,0,1
2022-10-20 4:00:00,thu,0,0,0,0,0,0,0,0,0,0,0
2022-10-20 5:00:00,thu,0,1,0,0,0,0,0,0,0,0,1
2022-10-20 6:00:00,thu,0,0,0,0,0,0,1,0,0,0,1
2022-10-20 7:00:00,thu,1,0,0,0,0,0,1,0,0,0,2
2022-10-20 8:00:00,thu,0,0,0,0,0,0,0,0,0,0,0
2022-10-20 9:00:00,thu,0,1,0,0,0,0,0,2,0,0,3
2022-10-20 10:00:00,thu,1,0,0,0,0,0,0,1,0,0,2
2022-10-20 11:00:00,thu,4,0,0,0,0,0,0,1,0,0,5
2022-10-20 12:00:00,thu,7,1,0,0,0,0,2,1,0,0,11
2022-10-20 13:00:00,thu,1,1,0,0,0,0,0,0,0,0,2
2022-10-20 14:00:00,thu,6,3,1,0,0,0,2,3,0,0,15
2022-10-20 15:00:00,thu,7,0,0,2,0,0,1,1,0,0,11
2022-10-20 16:00:00,thu,4,1,0,0,0,1,1,0,1,0,8
2022-10-20 17:00:00,thu,2,1,0,0,0,0,0,2,0,0,5
2022-10-20 18:00:00,thu,4,1,0,0,0,1,1,1,1,0,9
2022-10-20 19:00:00,thu,4,7,0,1,0,1,1,1,1,1,17
2022-10-20 20:00:00,thu,10,5,1,1,1,0,1,2,2,0,23
2022-10-20 21:00:00,thu,11,3,0,1,1,0,0,2,0,0,18
2022-10-20 22:00:00,thu,23,3,0,2,1,0,1,3,0,1,34
2022-10-20 23:00:00,thu,6,1,0,0,0,0,0,1,1,0,9
2022-10-21 0:00:00,fri,8,1,0,0,0,0,1,0,0,0,10
2022-10-21 1:00:00,fri,5,1,1,0,0,0,0,0,0,0,7
2022-10-21 2:00:00,fri,0,1,1,0,0,0,0,0,0,0,2
2022-10-21 3:00:00,fri,1,1,0,0,0,0,0,0,0,0,2
2022-10-21 4:00:00,fri,0,3,0,0,0,0,0,0,0,0,3
2022-10-21 5:00:00,fri,0,1,0,0,0,0,0,0,0,0,1
2022-10-21 6:00:00,fri,0,0,0,0,0,0,1,0,0,0,1
2022-10-21 7:00:00,fri,1,1,0,0,0,1,0,0,0,0,3
2022-10-21 8:00:00,fri,0,0,0,0,0,2,0,1,0,0,3
2022-10-21 9:00:00,fri,2,0,0,0,0,0,0,0,1,0,3
2022-10-21 10:00:00,fri,2,1,0,0,0,1,0,0,0,0,4
2022-10-21 11:00:00,fri,3,1,0,0,0,0,0,1,0,0,5
2022-10-21 12:00:00,fri,8,4,0,2,1,1,2,0,0,0,18
2022-10-21 13:00:00,fri,7,2,0,0,0,0,0,0,2,0,11
2022-10-21 14:00:00,fri,16,4,0,1,0,1,1,0,0,0,23
2022-10-21 15:00:00,fri,4,4,1,2,0,0,0,3,0,0,14
2022-10-21 16:00:00,fri,4,1,0,0,0,0,0,1,0,0,6
2022-10-21 17:00:00,fri,5,0,0,1,0,0,0,2,0,0,8
2022-10-21 18:00:00,fri,4,2,1,0,0,1,1,1,0,0,10
2022-10-21 19:00:00,fri,7,1,0,0,0,1,2,0,0,0,11
2022-10-21 20:00:00,fri,17,6,0,1,0,0,2,0,2,0,28
2022-10-21 21:00:00,fri,18,4,2,1,0,0,1,1,0,0,27
2022-10-21 22:00:00,fri,10,3,0,2,0,0,1,1,0,0,17
2022-10-21 23:00:00,fri,7,3,0,0,0,0,1,3,1,0,15
2022-10-22 0:00:00,sat,9,1,0,1,0,0,0,2,0,0,13
2022-10-22 1:00:00,sat,0,0,0,0,0,0,0,1,0,0,1
2022-10-22 2:00:00,sat,7,2,0,0,0,0,0,0,0,0,9
2022-10-22 3:00:00,sat,1,2,0,0,0,0,0,0,0,0,3
2022-10-22 4:00:00,sat,0,2,0,0,0,0,0,0,0,0,2
2022-10-22 5:00:00,sat,2,0,0,0,0,0,0,0,0,0,2
2022-10-22 6:00:00,sat,0,0,0,0,0,0,0,0,0,0,0
2022-10-22 7:00:00,sat,0,0,0,0,0,1,1,0,1,0,3
2022-10-22 8:00:00,sat,1,0,0,0,0,1,0,1,0,0,3
2022-10-22 9:00:00,sat,1,0,0,0,0,1,1,1,1,0,5
2022-10-22 10:00:00,sat,2,3,0,0,0,0,0,2,0,1,8
2022-10-22 11:00:00,sat,5,5,0,0,0,0,0,0,0,0,10
2022-10-22 12:00:00,sat,8,4,0,0,0,1,0,0,0,0,13
2022-10-22 13:00:00,sat,13,2,1,0,0,0,1,3,0,0,20
2022-10-22 14:00:00,sat,13,1,0,1,0,1,0,4,1,0,21
2022-10-22 15:00:00,sat,14,2,1,2,0,0,2,0,1,0,22
2022-10-22 16:00:00,sat,10,3,1,1,0,0,1,1,2,0,19
2022-10-22 17:00:00,sat,3,3,0,0,0,0,0,1,0,0,7
2022-10-22 18:00:00,sat,2,4,0,0,0,2,2,1,0,0,11
2022-10-22 19:00:00,sat,9,5,0,2,1,2,2,1,1,1,24
2022-10-22 20:00:00,sat,13,3,0,0,0,0,0,3,1,0,20
2022-10-22 21:00:00,sat,8,1,1,2,1,0,0,1,0,0,14
2022-10-22 22:00:00,sat,14,6,0,1,0,0,1,3,2,0,27
2022-10-22 23:00:00,sat,5,1,0,0,0,0,1,0,0,0,7
2022-10-23 0:00:00,sun,4,0,1,0,0,0,0,0,0,0,5
2022-10-23 1:00:00,sun,1,0,0,0,0,0,0,0,0,0,1
2022-10-23 2:00:00,sun,1,1,0,0,0,0,0,0,0,0,2
2022-10-23 3:00:00,sun,2,2,0,0,0,0,0,0,0,0,4
2022-10-23 4:00:00,sun,1,0,0,0,0,0,0,0,0,0,1
2022-10-23 5:00:00,sun,0,0,0,0,0,0,0,0,0,0,0
2022-10-23 6:00:00,sun,0,0,0,0,0,0,0,0,0,0,0
2022-10-23 7:00:00,sun,0,0,0,0,0,2,0,1,0,1,4
2022-10-23 8:00:00,sun,1,1,0,0,0,1,0,1,0,0,4
2022-10-23 9:00:00,sun,2,0,0,0,0,0,1,1,1,0,5
2022-10-23 10:00:00,sun,4,2,0,0,0,0,0,5,1,0,12
2022-10-23 11:00:00,sun,3,3,0,0,1,0,3,2,1,0,13
2022-10-23 12:00:00,sun,7,2,0,0,0,0,0,1,1,2,13
2022-10-23 13:00:00,sun,12,1,0,0,0,0,1,1,1,0,16
2022-10-23 14:00:00,sun,8,4,0,0,0,0,0,0,0,0,12
2022-10-23 15:00:00,sun,15,2,0,1,1,1,0,1,1,1,23
2022-10-23 16:00:00,sun,6,3,0,1,0,0,0,4,0,0,14
2022-10-23 17:00:00,sun,10,2,0,0,0,2,1,1,0,0,16
2022-10-23 18:00:00,sun,5,1,0,1,0,1,0,1,2,1,12
2022-10-23 19:00:00,sun,6,3,0,0,0,1,0,2,1,0,13
2022-10-23 20:00:00,sun,22,9,0,1,0,0,1,4,0,0,37
2022-10-23 21:00:00,sun,26,8,0,0,1,2,0,2,0,0,39
2022-10-23 22:00:00,sun,19,0,0,3,0,0,2,6,1,0,31
2022-10-23 23:00:00,sun,6,1,0,1,0,0,1,2,1,1,13
2022-10-24 0:00:00,mon,6,1,1,0,0,0,0,2,0,0,10
2022-10-24 1:00:00,mon,5,0,1,0,0,0,0,2,0,0,8
2022-10-24 2:00:00,mon,6,0,0,0,0,0,0,0,0,0,6
2022-10-24 3:00:00,mon,2,0,0,0,0,0,0,0,0,0,2
2022-10-24 4:00:00,mon,3,2,0,0,0,0,0,0,0,0,5
2022-10-24 5:00:00,mon,1,0,0,0,0,0,0,0,0,0,1
2022-10-24 6:00:00,mon,0,1,0,0,0,0,0,0,0,0,1
2022-10-24 7:00:00,mon,0,1,0,0,0,1,0,1,0,0,3
2022-10-24 8:00:00,mon,1,0,0,0,0,3,1,1,0,0,6
2022-10-24 9:00:00,mon,2,0,0,0,0,0,1,1,0,0,4
2022-10-24 10:00:00,mon,6,4,0,0,0,1,1,3,1,0,16
2022-10-24 11:00:00,mon,5,2,0,0,0,1,1,1,1,0,11
2022-10-24 12:00:00,mon,6,2,0,0,0,0,0,1,1,0,10
2022-10-24 13:00:00,mon,14,6,0,3,0,0,0,3,0,0,26
2022-10-24 14:00:00,mon,7,0,1,1,0,0,0,0,1,0,10
2022-10-24 15:00:00,mon,10,5,1,3,1,0,0,4,2,0,26
2022-10-24 16:00:00,mon,9,1,0,1,0,0,1,3,0,0,15
2022-10-24 17:00:00,mon,2,1,1,0,0,0,0,3,3,0,10
2022-10-24 18:00:00,mon,6,1,0,0,1,0,2,0,2,0,12
2022-10-24 19:00:00,mon,7,3,1,1,1,0,0,3,0,0,16
2022-10-24 20:00:00,mon,12,3,2,3,2,0,0,0,0,0,22
2022-10-24 21:00:00,mon,14,1,0,4,1,0,0,0,0,0,20
2022-10-24 22:00:00,mon,18,2,2,3,1,0,0,0,0,0,26
2022-10-24 23:00:00,mon,8,3,1,3,1,0,1,2,0,0,19
2022-10-25 0:00:00,tue,4,1,1,2,0,0,0,3,0,0,11
2022-10-25 1:00:00,tue,2,0,0,0,0,0,0,1,0,0,3
2022-10-25 2:00:00,tue,3,1,0,0,0,0,0,0,0,0,4
2022-10-25 3:00:00,tue,1,0,0,0,0,0,0,0,0,0,1
2022-10-25 4:00:00,tue,0,0,0,0,0,0,0,0,0,0,0
2022-10-25 5:00:00,tue,0,0,0,0,0,0,0,0,0,0,0
2022-10-25 6:00:00,tue,1,0,0,0,0,0,0,0,0,0,1
2022-10-25 7:00:00,tue,0,0,0,0,0,2,1,0,0,0,3
2022-10-25 8:00:00,tue,1,0,0,0,0,2,0,0,1,0,4
2022-10-25 9:00:00,tue,1,0,0,0,0,0,1,1,1,0,4
2022-10-25 10:00:00,tue,0,1,0,0,0,0,1,2,0,0,4
2022-10-25 11:00:00,tue,3,0,0,0,0,0,1,0,1,1,6
2022-10-25 12:00:00,tue,8,3,0,2,0,0,0,0,0,0,13
2022-10-25 13:00:00,tue,9,3,0,0,0,0,0,0,0,0,12
2022-10-25 14:00:00,tue,5,2,1,1,0,0,0,0,1,0,10
2022-10-25 15:00:00,tue,7,0,0,0,0,0,2,3,0,0,12
2022-10-25 16:00:00,tue,3,1,0,1,0,1,3,2,1,0,12
2022-10-25 17:00:00,tue,1,1,0,0,0,1,0,1,0,1,5
2022-10-25 18:00:00,tue,4,2,0,0,0,1,2,0,0,0,9
2022-10-25 19:00:00,tue,9,3,0,0,0,0,3,0,0,1,16
2022-10-25 20:00:00,tue,17,8,0,0,0,1,0,3,2,0,31
2022-10-25 21:00:00,tue,11,1,0,0,0,0,0,0,1,0,13
2022-10-25 22:00:00,tue,11,0,0,1,0,0,2,3,0,0,17
2022-10-25 23:00:00,tue,7,1,0,0,0,0,0,2,0,0,10
2022-10-26 0:00:00,wed,4,1,1,0,1,0,0,1,0,0,8
2022-10-26 1:00:00,wed,3,0,0,1,0,0,0,0,0,0,4
2022-10-26 2:00:00,wed,1,1,1,0,0,0,0,0,0,0,3
2022-10-26 3:00:00,wed,1,0,0,0,0,0,0,0,0,0,1
2022-10-26 4:00:00,wed,0,1,0,0,0,0,0,0,0,0,1
2022-10-26 5:00:00,wed,0,0,0,0,0,0,0,0,0,0,0
2022-10-26 6:00:00,wed,0,0,0,0,0,0,1,0,0,0,1
2022-10-26 7:00:00,wed,1,0,0,0,0,1,0,0,0,0,2
2022-10-26 8:00:00,wed,0,1,0,0,0,2,0,1,0,0,4
2022-10-26 9:00:00,wed,0,0,0,0,0,0,0,1,0,0,1
2022-10-26 10:00:00,wed,3,0,0,0,0,0,0,0,1,0,4
2022-10-26 11:00:00,wed,3,1,0,0,0,0,2,0,0,0,6
2022-10-26 12:00:00,wed,1,2,0,0,0,0,0,0,0,0,3
2022-10-26 13:00:00,wed,12,1,0,2,0,0,0,2,0,0,17
2022-10-26 14:00:00,wed,2,0,0,0,0,0,0,1,0,0,3
2022-10-26 15:00:00,wed,4,0,0,0,0,0,0,0,1,0,5
2022-10-26 16:00:00,wed,4,2,0,0,0,0,0,0,0,0,6
2022-10-26 17:00:00,wed,2,0,0,0,0,2,0,1,1,0,6
2022-10-26 18:00:00,wed,4,0,0,1,0,0,0,1,0,0,6
2022-10-26 19:00:00,wed,6,4,0,2,0,2,1,1,0,0,16
2022-10-26 20:00:00,wed,17,3,0,1,0,0,1,2,0,0,24
2022-10-26 21:00:00,wed,9,1,0,0,0,0,0,0,1,0,11
2022-10-26 22:00:00,wed,11,2,0,1,0,0,0,1,1,0,16
2022-10-26 23:00:00,wed,9,5,0,1,0,0,0,0,1,0,16
2022-10-27 0:00:00,thu,1,0,0,1,0,0,0,0,0,0,2
2022-10-27 1:00:00,thu,3,1,0,0,0,0,0,1,0,0,5
2022-10-27 2:00:00,thu,2,2,0,0,0,0,0,0,0,0,4
2022-10-27 3:00:00,thu,1,1,1,0,0,0,0,0,0,0,3
2022-10-27 4:00:00,thu,0,0,0,0,0,0,0,0,0,0,0
2022-10-27 5:00:00,thu,0,0,0,0,0,0,0,0,0,0,0
2022-10-27 6:00:00,thu,0,0,0,0,0,0,0,0,0,0,0
2022-10-27 7:00:00,thu,0,0,0,0,0,1,0,1,1,0,3
2022-10-27 8:00:00,thu,1,0,0,0,0,1,0,0,0,0,2
2022-10-27 9:00:00,thu,0,1,0,0,0,0,1,2,1,0,5
2022-10-27 10:00:00,thu,1,0,0,0,0,1,1,1,0,0,4
2022-10-27 11:00:00,thu,3,2,0,0,0,1,1,0,0,0,7
2022-10-27 12:00:00,thu,7,9,0,1,1,0,0,1,0,0,19
2022-10-27 13:00:00,thu,8,4,0,0,0,0,0,1,1,0,14
2022-10-27 14:00:00,thu,16,1,0,1,0,0,0,0,0,0,18
2022-10-27 15:00:00,thu,6,2,0,0,0,1,0,0,1,0,10
2022-10-27 16:00:00,thu,4,1,0,0,1,0,1,1,0,0,8
2022-10-27 17:00:00,thu,2,0,0,0,0,0,0,0,2,0,4
2022-10-27 18:00:00,thu,5,1,0,1,0,2,0,4,0,0,13
2022-10-27 19:00:00,thu,10,8,0,2,1,0,1,2,1,0,25
2022-10-27 20:00:00,thu,14,3,0,1,0,0,1,5,1,0,25
2022-10-27 21:00:00,thu,22,7,1,2,0,0,0,1,1,0,34
2022-10-27 22:00:00,thu,13,2,0,0,2,0,1,0,0,0,18
2022-10-27 23:00:00,thu,9,1,0,3,0,0,1,0,0,0,14
2022-10-28 0:00:00,fri,3,1,1,0,0,0,0,2,0,1,8
2022-10-28 1:00:00,fri,4,1,1,0,0,0,0,0,0,0,6
2022-10-28 2:00:00,fri,4,0,1,0,0,0,0,0,0,0,5
2022-10-28 3:00:00,fri,1,0,1,0,0,0,0,0,0,0,2
2022-10-28 4:00:00,fri,1,1,0,0,0,0,0,0,0,0,2
2022-10-28 5:00:00,fri,0,0,0,0,0,0,0,0,0,0,0
2022-10-28 6:00:00,fri,0,0,0,0,0,0,1,0,0,0,1
2022-10-28 7:00:00,fri,0,0,0,0,0,1,0,1,1,0,3
2022-10-28 8:00:00,fri,1,0,0,0,0,0,0,2,0,0,3
2022-10-28 9:00:00,fri,0,0,0,0,0,0,1,1,0,0,2
2022-10-28 10:00:00,fri,3,1,1,0,0,1,0,2,0,1,9
2022-10-28 11:00:00,fri,1,0,0,0,0,0,0,4,0,0,5
2022-10-28 12:00:00,fri,8,2,0,1,0,1,0,1,1,0,14
2022-10-28 13:00:00,fri,12,6,2,1,0,0,1,2,0,0,24
2022-10-28 14:00:00,fri,3,0,0,0,0,0,0,1,1,0,5
2022-10-28 15:00:00,fri,7,4,0,0,0,0,0,1,2,0,14
2022-10-28 16:00:00,fri,2,2,0,0,0,0,1,0,0,0,5
2022-10-28 17:00:00,fri,5,0,0,0,0,1,0,1,1,0,8
2022-10-28 18:00:00,fri,4,2,0,0,0,1,0,1,0,0,8
2022-10-28 19:00:00,fri,6,6,0,0,0,1,0,2,0,0,15
2022-10-28 20:00:00,fri,10,7,0,1,1,0,0,0,0,1,20
2022-10-28 21:00:00,fri,7,0,0,1,0,1,2,1,0,0,12
2022-10-28 22:00:00,fri,10,3,0,1,0,0,1,0,0,0,15
2022-10-28 23:00:00,fri,11,1,1,0,0,0,0,0,0,0,13
2022-10-29 0:00:00,sat,5,0,0,1,0,0,0,3,0,0,9
2022-10-29 1:00:00,sat,4,1,0,0,0,0,0,1,0,0,6
2022-10-29 2:00:00,sat,2,0,1,0,0,0,0,0,0,0,3
2022-10-29 3:00:00,sat,0,1,0,0,0,0,0,0,0,0,1
2022-10-29 4:00:00,sat,1,0,0,0,0,0,0,0,0,0,1
2022-10-29 5:00:00,sat,1,0,0,0,0,0,0,0,0,0,1
2022-10-29 6:00:00,sat,0,0,0,0,0,0,0,0,0,0,0
2022-10-29 7:00:00,sat,0,0,0,0,0,2,0,0,1,0,3
2022-10-29 8:00:00,sat,0,1,0,0,0,2,1,1,0,0,5
2022-10-29 9:00:00,sat,3,1,0,0,0,0,1,1,1,0,7
2022-10-29 10:00:00,sat,3,0,0,0,0,1,1,3,0,0,8
2022-10-29 11:00:00,sat,3,0,0,0,0,0,0,2,0,0,5
2022-10-29 12:00:00,sat,10,4,0,2,1,1,0,0,2,0,20
2022-10-29 13:00:00,sat,5,4,0,1,1,0,0,0,0,0,11
2022-10-29 14:00:00,sat,7,5,0,0,0,1,0,0,0,0,13
2022-10-29 15:00:00,sat,7,1,0,0,0,0,1,1,0,0,10
2022-10-29 16:00:00,sat,6,3,0,0,0,0,0,1,1,0,11
2022-10-29 17:00:00,sat,3,1,0,0,0,0,4,2,0,0,10
2022-10-29 18:00:00,sat,2,0,0,0,0,1,1,0,0,0,4
2022-10-29 19:00:00,sat,4,2,0,0,0,1,2,1,0,0,10
2022-10-29 20:00:00,sat,13,6,0,2,0,1,0,0,0,1,23
2022-10-29 21:00:00,sat,15,5,0,2,0,0,1,0,0,0,23
2022-10-29 22:00:00,sat,15,5,0,2,0,0,3,7,0,0,32
2022-10-29 23:00:00,sat,6,3,1,0,1,0,0,3,1,0,15
2022-10-30 0:00:00,sun,3,1,0,0,0,0,0,0,0,0,4
2022-10-30 1:00:00,sun,3,2,0,0,0,0,0,1,0,0,6
2022-10-30 2:00:00,sun,2,0,0,0,0,0,0,0,0,0,2
2022-10-30 3:00:00,sun,4,0,0,0,0,0,0,0,0,0,4
2022-10-30 4:00:00,sun,1,1,0,0,0,0,0,0,0,0,2
2022-10-30 5:00:00,sun,1,0,0,0,0,0,0,0,0,0,1
2022-10-30 6:00:00,sun,0,0,0,0,0,0,0,0,0,0,0
2022-10-30 7:00:00,sun,0,0,0,0,0,0,0,1,1,0,2
2022-10-30 8:00:00,sun,0,2,0,0,0,1,0,2,1,0,6
2022-10-30 9:00:00,sun,1,1,0,0,0,0,0,1,0,0,3
2022-10-30 10:00:00,sun,2,0,0,0,0,0,1,1,0,0,4
2022-10-30 11:00:00,sun,4,2,0,0,0,1,1,1,0,0,9
2022-10-30 12:00:00,sun,9,7,0,0,0,1,1,2,2,1,23
2022-10-30 13:00:00,sun,18,9,0,1,1,1,0,1,0,1,32
2022-10-30 14:00:00,sun,24,6,0,1,0,0,1,1,2,0,35
2022-10-30 15:00:00,sun,15,1,1,1,0,0,0,1,0,0,19
2022-10-30 16:00:00,sun,7,3,0,1,0,1,1,1,1,0,15
2022-10-30 17:00:00,sun,7,3,1,0,0,1,4,0,1,0,17
2022-10-30 18:00:00,sun,4,4,0,1,0,0,0,3,1,0,13
2022-10-30 19:00:00,sun,11,8,1,2,1,2,2,3,0,0,30
2022-10-30 20:00:00,sun,19,5,1,1,1,0,0,0,1,0,28
2022-10-30 21:00:00,sun,20,6,1,1,0,1,0,1,0,0,30
2022-10-30 22:00:00,sun,13,3,1,3,1,0,2,0,1,0,24
2022-10-30 23:00:00,sun,4,0,0,0,0,0,0,1,0,0,5
2022-10-31 0:00:00,mon,6,0,0,0,0,0,0,2,0,0,8
2022-10-31 1:00:00,mon,4,1,0,0,0,0,0,2,0,0,7
2022-10-31 2:00:00,mon,5,1,0,0,0,0,0,0,0,0,6
2022-10-31 3:00:00,mon,1,1,0,0,0,0,0,0,0,0,2
2022-10-31 4:00:00,mon,0,1,0,0,0,0,0,0,0,0,1
2022-10-31 5:00:00,mon,0,0,0,0,0,0,0,0,0,0,0
2022-10-31 6:00:00,mon,1,0,0,0,0,0,0,0,0,0,1
2022-10-31 7:00:00,mon,0,0,0,0,0,1,0,0,1,0,2
2022-10-31 8:00:00,mon,0,1,0,0,0,1,1,0,0,0,3
2022-10-31 9:00:00,mon,2,1,0,0,0,1,0,0,0,0,4
2022-10-31 10:00:00,mon,1,1,1,0,0,1,1,2,0,0,7
2022-10-31 11:00:00,mon,2,1,1,0,0,2,1,0,1,0,8
2022-10-31 12:00:00,mon,7,1,0,0,1,1,0,0,1,0,11
2022-10-31 13:00:00,mon,11,3,0,1,0,1,0,0,0,0,16
2022-10-31 14:00:00,mon,6,3,0,0,0,0,0,2,1,0,12
2022-10-31 15:00:00,mon,5,2,0,0,0,1,0,5,1,0,14
2022-10-31 16:00:00,mon,5,1,0,1,0,0,1,2,1,0,11
2022-10-31 17:00:00,mon,3,0,0,0,0,0,0,1,1,0,5
2022-10-31 18:00:00,mon,6,0,0,1,0,0,1,1,1,0,10
2022-10-31 19:00:00,mon,9,4,0,1,0,0,0,0,3,0,17
2022-10-31 20:00:00,mon,14,2,1,0,0,1,0,2,0,0,20
2022-10-31 21:00:00,mon,13,7,0,1,0,0,0,1,1,0,23
2022-10-31 22:00:00,mon,12,2,1,2,0,0,2,3,0,0,22
2022-10-31 23:00:00,mon,9,0,1,1,0,0,0,1,0,0,12
2022-11-01 0:00:00,tue,5,1,0,1,0,0,0,3,0,0,10
2022-11-01 1:00:00,tue,8,1,0,0,0,0,0,0,0,0,9
2022-11-01 2:00:00,tue,4,2,0,0,0,0,0,0,0,0,6
2022-11-01 3:00:00,tue,1,0,0,0,0,0,0,0,0,1,2
2022-11-01 4:00:00,tue,2,0,0,0,0,0,0,0,0,0,2
2022-11-01 5:00:00,tue,0,0,0,0,0,0,0,0,0,0,0
2022-11-01 6:00:00,tue,0,0,0,0,0,0,1,0,1,0,2
2022-11-01 7:00:00,tue,0,0,0,0,0,3,0,0,0,0,3
2022-11-01 8:00:00,tue,0,1,0,0,0,1,1,1,0,0,4
2022-11-01 9:00:00,tue,1,0,0,0,0,0,1,1,0,1,4
2022-11-01 10:00:00,tue,0,0,0,0,0,1,0,1,1,0,3
2022-11-01 11:00:00,tue,1,1,0,1,0,0,0,0,1,0,4
2022-11-01 12:00:00,tue,9,3,0,0,0,2,0,1,1,0,16
2022-11-01 13:00:00,tue,11,3,0,0,0,0,2,2,0,0,18
2022-11-01 14:00:00,tue,4,3,0,0,1,1,1,0,1,0,11
2022-11-01 15:00:00,tue,7,2,0,1,0,0,0,3,0,0,13
2022-11-01 16:00:00,tue,6,0,0,1,0,0,0,1,1,0,9
2022-11-01 17:00:00,tue,6,2,0,0,0,1,2,0,1,0,12
2022-11-01 18:00:00,tue,5,1,0,0,0,0,0,2,1,0,9
2022-11-01 19:00:00,tue,10,6,0,1,0,2,0,2,1,0,22
2022-11-01 20:00:00,tue,12,6,2,1,1,0,3,2,0,0,27
2022-11-01 21:00:00,tue,21,3,1,1,0,1,3,1,0,0,31
2022-11-01 22:00:00,tue,15,2,0,2,1,0,2,2,0,0,24
2022-11-01 23:00:00,tue,9,4,0,0,0,0,1,2,0,0,16
2022-11-02 0:00:00,wed,3,0,1,0,0,0,0,0,0,1,5
2022-11-02 1:00:00,wed,5,0,0,0,0,0,0,0,0,0,5
2022-11-02 2:00:00,wed,4,1,0,0,0,0,0,0,0,0,5
2022-11-02 3:00:00,wed,1,1,0,0,0,0,0,0,0,0,2
2022-11-02 4:00:00,wed,2,1,0,0,0,0,0,0,0,0,3
2022-11-02 5:00:00,wed,0,0,0,0,0,0,0,0,0,0,0
2022-11-02 6:00:00,wed,0,0,0,0,0,0,0,0,0,0,0
2022-11-02 7:00:00,wed,0,0,0,0,0,0,0,1,0,0,1
2022-11-02 8:00:00,wed,0,0,0,0,0,0,0,0,0,0,0
2022-11-02 9:00:00,wed,0,0,0,0,0,0,0,0,1,0,1
2022-11-02 10:00:00,wed,4,0,0,0,0,1,1,0,0,0,6
2022-11-02 11:00:00,wed,2,1,0,1,0,1,0,1,1,0,7
2022-11-02 12:00:00,wed,9,1,0,0,0,0,1,2,1,0,14
2022-11-02 13:00:00,wed,18,2,0,1,0,0,0,1,0,0,22
2022-11-02 14:00:00,wed,13,1,0,0,0,0,0,0,0,0,14
2022-11-02 15:00:00,wed,9,4,0,3,1,1,0,0,0,0,18
2022-11-02 16:00:00,wed,5,2,0,0,0,2,0,1,2,1,13
2022-11-02 17:00:00,wed,4,1,0,0,0,0,1,1,1,0,8
2022-11-02 18:00:00,wed,5,2,0,0,0,0,0,0,2,0,9
2022-11-02 19:00:00,wed,15,0,0,0,0,1,1,1,0,0,18
2022-11-02 20:00:00,wed,15,7,2,3,1,0,2,4,0,1,35
2022-11-02 21:00:00,wed,5,2,0,0,0,0,0,0,2,0,9
2022-11-02 22:00:00,wed,15,3,1,0,0,0,0,3,1,0,23
2022-11-02 23:00:00,wed,11,1,1,2,0,0,0,2,0,0,17
2022-11-03 0:00:00,thu,3,2,0,0,0,0,0,1,0,0,6
2022-11-03 1:00:00,thu,5,0,0,0,0,0,0,1,0,0,6
2022-11-03 2:00:00,thu,6,2,0,0,0,0,0,0,0,0,8
2022-11-03 3:00:00,thu,1,0,1,0,0,0,0,0,0,0,2
2022-11-03 4:00:00,thu,0,1,0,0,0,0,0,0,0,0,1
2022-11-03 5:00:00,thu,0,0,0,0,0,0,0,0,0,0,0
2022-11-03 6:00:00,thu,0,0,0,0,0,0,0,0,0,0,0
2022-11-03 7:00:00,thu,0,0,0,0,0,0,0,0,1,1,2
2022-11-03 8:00:00,thu,0,0,0,0,0,0,0,1,0,0,1
2022-11-03 9:00:00,thu,2,0,0,0,0,2,1,1,1,0,7
2022-11-03 10:00:00,thu,2,0,0,0,0,0,0,1,1,0,4
2022-11-03 11:00:00,thu,1,0,0,0,0,0,0,1,0,0,2
2022-11-03 12:00:00,thu,6,1,0,0,0,0,0,0,1,0,8
2022-11-03 13:00:00,thu,10,3,0,0,0,0,0,1,0,0,14
2022-11-03 14:00:00,thu,13,1,0,1,0,0,0,1,0,0,16
2022-11-03 15:00:00,thu,2,2,1,0,0,0,0,0,0,0,5
2022-11-03 16:00:00,thu,7,2,0,1,1,2,1,1,0,0,15
2022-11-03 17:00:00,thu,10,1,0,0,0,0,1,1,0,0,13
2022-11-03 18:00:00,thu,6,0,0,0,0,1,2,3,1,0,13
2022-11-03 19:00:00,thu,9,3,0,2,2,0,0,0,0,0,16
2022-11-03 20:00:00,thu,20,5,1,2,4,0,0,4,1,1,38
2022-11-03 21:00:00,thu,23,4,0,0,0,0,0,1,0,0,28
2022-11-03 22:00:00,thu,10,7,1,2,0,0,1,3,1,0,25
2022-11-03 23:00:00,thu,10,1,1,1,0,0,1,1,0,0,15
2022-11-04 0:00:00,fri,5,1,0,0,0,0,0,1,0,0,7
2022-11-04 1:00:00,fri,2,1,0,0,0,0,0,1,0,0,4
2022-11-04 2:00:00,fri,2,1,0,0,0,0,0,0,0,0,3
2022-11-04 3:00:00,fri,3,3,0,0,0,0,0,0,0,0,6
2022-11-04 4:00:00,fri,0,1,0,0,0,0,0,0,0,0,1
2022-11-04 5:00:00,fri,1,1,0,0,0,0,0,0,0,0,2
2022-11-04 6:00:00,fri,0,0,0,0,0,0,0,0,0,0,0
2022-11-04 7:00:00,fri,0,0,0,0,0,1,0,1,1,0,3
2022-11-04 8:00:00,fri,0,0,0,0,0,1,0,0,0,0,1
2022-11-04 9:00:00,fri,0,0,0,0,0,1,1,0,0,0,2
2022-11-04 10:00:00,fri,1,1,0,0,0,0,0,0,0,1,3
2022-11-04 11:00:00,fri,3,2,0,0,0,0,0,4,0,0,9
2022-11-04 12:00:00,fri,7,3,0,0,0,0,0,1,0,0,11
2022-11-04 13:00:00,fri,8,6,1,1,0,0,1,0,0,0,17
2022-11-04 14:00:00,fri,9,2,0,0,0,0,0,1,0,0,12
2022-11-04 15:00:00,fri,16,2,0,1,0,0,1,1,0,0,21
2022-11-04 16:00:00,fri,4,2,1,0,0,0,0,0,0,1,8
2022-11-04 17:00:00,fri,12,2,0,1,0,0,0,2,0,0,17
2022-11-04 18:00:00,fri,7,1,0,0,0,0,0,1,2,0,11
2022-11-04 19:00:00,fri,17,3,1,1,1,1,0,4,2,0,30
2022-11-04 20:00:00,fri,16,4,0,2,0,1,0,1,0,0,24
2022-11-04 21:00:00,fri,11,3,1,1,0,0,1,3,1,0,21
2022-11-04 22:00:00,fri,8,2,1,1,0,0,0,1,1,0,14
2022-11-04 23:00:00,fri,15,1,0,0,1,0,1,2,0,0,20
2022-11-05 0:00:00,sat,19,5,1,1,0,0,0,0,0,0,26
2022-11-05 1:00:00,sat,4,1,0,0,0,0,0,1,0,0,6
2022-11-05 2:00:00,sat,7,1,0,0,0,0,0,0,0,0,8
2022-11-05 3:00:00,sat,5,0,0,0,0,0,0,0,0,0,5
2022-11-05 4:00:00,sat,0,1,0,0,0,0,0,0,0,0,1
2022-11-05 5:00:00,sat,1,0,0,0,0,0,0,0,0,0,1
2022-11-05 6:00:00,sat,0,0,0,0,0,0,0,0,0,0,0
2022-11-05 7:00:00,sat,0,0,0,0,0,3,0,0,1,0,4
2022-11-05 8:00:00,sat,1,0,0,0,0,0,0,1,0,0,2
2022-11-05 9:00:00,sat,0,1,0,0,0,0,0,2,0,0,3
2022-11-05 10:00:00,sat,0,1,0,0,0,0,1,0,0,0,2
2022-11-05 11:00:00,sat,2,1,0,0,0,0,1,0,1,0,5
2022-11-05 12:00:00,sat,6,2,0,0,0,0,0,0,1,1,10
2022-11-05 13:00:00,sat,7,4,0,0,1,0,1,2,1,0,16
2022-11-05 14:00:00,sat,10,7,0,0,0,0,0,0,0,0,17
2022-11-05 15:00:00,sat,11,1,2,2,0,1,1,1,2,0,21
2022-11-05 16:00:00,sat,4,1,2,2,0,0,0,2,1,0,12
2022-11-05 17:00:00,sat,6,3,2,1,0,0,0,1,0,0,13
2022-11-05 18:00:00,sat,7,6,0,0,0,1,1,2,1,0,18
2022-11-05 19:00:00,sat,6,3,0,0,0,0,0,1,0,0,10
2022-11-05 20:00:00,sat,13,3,0,1,0,0,0,1,0,0,18
2022-11-05 21:00:00,sat,11,2,0,0,0,0,0,1,1,0,15
2022-11-05 22:00:00,sat,9,7,0,0,0,0,0,1,0,0,17
2022-11-05 23:00:00,sat,11,2,0,0,1,0,0,0,0,0,14
2022-11-06 0:00:00,sun,7,5,0,1,0,0,0,3,0,0,16
2022-11-06 1:00:00,sun,13,2,0,0,0,0,0,1,0,0,16
2022-11-06 2:00:00,sun,6,1,0,0,0,0,1,0,0,0,8
2022-11-06 3:00:00,sun,7,3,0,0,0,0,0,0,0,0,10
2022-11-06 4:00:00,sun,2,1,0,0,0,0,0,0,0,0,3
2022-11-06 5:00:00,sun,0,0,0,0,0,0,0,0,0,0,0
2022-11-06 6:00:00,sun,0,0,0,0,0,0,0,0,0,0,0
2022-11-06 7:00:00,sun,1,1,0,0,0,1,0,1,1,0,5
2022-11-06 8:00:00,sun,2,0,0,0,0,2,0,1,1,0,6
2022-11-06 9:00:00,sun,3,1,0,0,0,0,0,0,0,2,6
2022-11-06 10:00:00,sun,12,1,0,0,0,0,0,2,2,0,17
2022-11-06 11:00:00,sun,4,1,0,0,0,4,4,3,0,0,16
2022-11-06 12:00:00,sun,29,9,0,2,0,0,1,3,0,0,44
2022-11-06 13:00:00,sun,15,16,1,2,1,1,1,1,3,0,41
2022-11-06 14:00:00,sun,9,10,1,0,1,1,0,1,1,1,25
2022-11-06 15:00:00,sun,22,4,0,1,1,0,1,3,0,0,32
2022-11-06 16:00:00,sun,9,2,0,0,0,1,0,1,0,0,13
2022-11-06 17:00:00,sun,6,0,0,0,0,0,0,1,0,0,7
2022-11-06 18:00:00,sun,1,1,0,0,0,1,0,3,1,0,7
2022-11-06 19:00:00,sun,8,5,0,0,0,0,1,3,1,0,10
2022-11-06 20:00:00,sun,13,5,0,0,0,1,1,3,0,0,10
2022-11-06 21:00:00,sun,6,1,0,0,0,1,1,1,0,0,4
2022-11-06 22:00:00,sun,8,3,0,0,0,0,0,1,0,0,4
2022-11-06 23:00:00,sun,4,6,0,0,2,0,0,3,0,0,11
2022-11-07 0:00:00,mon,9,1,0,0,0,0,0,1,0,0,2
2022-11-07 1:00:00,mon,8,0,0,0,0,0,0,0,0,0,0
2022-11-07 2:00:00,mon,3,2,0,0,0,0,0,0,0,0,2
2022-11-07 3:00:00,mon,2,0,0,0,0,0,0,0,0,0,0
2022-11-07 4:00:00,mon,1,0,0,0,0,0,0,0,0,0,0
2022-11-07 5:00:00,mon,1,0,0,0,0,0,0,0,0,0,0
2022-11-07 6:00:00,mon,0,0,0,0,0,0,0,0,0,0,0
2022-11-07 7:00:00,mon,1,0,0,0,0,0,0,0,1,0,1
2022-11-07 8:00:00,mon,2,0,0,0,0,1,1,0,0,0,2
2022-11-07 9:00:00,mon,0,1,0,0,0,0,0,0,1,0,2
2022-11-07 10:00:00,mon,4,2,0,0,0,0,0,0,0,0,2
2022-11-07 11:00:00,mon,4,1,0,0,0,1,0,0,1,0,3
2022-11-07 12:00:00,mon,7,1,0,0,0,0,1,0,0,0,2
2022-11-07 13:00:00,mon,15,0,0,2,1,0,0,0,0,1,4
2022-11-07 14:00:00,mon,16,1,0,2,0,2,0,0,0,0,5
2022-11-07 15:00:00,mon,13,0,0,1,0,0,1,1,0,0,3
2022-11-07 16:00:00,mon,8,4,1,1,0,1,0,0,0,0,7
2022-11-07 17:00:00,mon,3,0,0,0,0,1,0,1,1,0,3
2022-11-07 18:00:00,mon,4,1,0,1,1,1,3,0,0,0,7
2022-11-07 19:00:00,mon,9,3,0,0,0,3,0,4,2,0,12
2022-11-07 20:00:00,mon,12,3,0,1,0,0,0,4,1,1,10
2022-11-07 21:00:00,mon,15,4,0,1,0,0,1,3,0,0,9
2022-11-07 22:00:00,mon,17,3,0,2,0,1,0,1,2,0,9
2022-11-07 23:00:00,mon,7,2,0,0,0,0,1,0,1,0,4
2022-11-08 0:00:00,tue,2,0,0,0,0,0,1,0,0,0,1
2022-11-08 1:00:00,tue,5,1,0,1,0,0,0,0,0,0,2
2022-11-08 2:00:00,tue,3,3,0,0,0,0,0,0,0,0,3
2022-11-08 3:00:00,tue,1,1,0,0,0,0,0,0,0,0,1
2022-11-08 4:00:00,tue,0,1,0,0,0,0,0,0,0,0,1
2022-11-08 5:00:00,tue,0,0,0,0,0,0,0,0,0,0,0
2022-11-08 6:00:00,tue,0,0,0,0,0,0,0,0,0,0,0
2022-11-08 7:00:00,tue,2,0,0,0,0,1,0,0,0,0,1
2022-11-08 8:00:00,tue,1,0,0,0,0,2,2,2,0,0,6
2022-11-08 9:00:00,tue,1,1,0,0,0,2,0,1,0,0,4
2022-11-08 10:00:00,tue,1,1,0,0,0,0,2,2,0,0,5
2022-11-08 11:00:00,tue,4,1,0,2,0,0,0,0,1,0,4
2022-11-08 12:00:00,tue,3,2,0,1,0,0,0,1,0,1,5
2022-11-08 13:00:00,tue,8,6,1,0,0,0,2,1,0,0,10
2022-11-08 14:00:00,tue,15,2,0,0,1,0,1,2,2,0,8
2022-11-08 15:00:00,tue,10,4,0,1,1,0,1,1,1,0,9
2022-11-08 16:00:00,tue,5,3,1,1,0,1,1,2,1,1,11
2022-11-08 17:00:00,tue,3,0,0,0,0,1,0,1,1,0,3
2022-11-08 18:00:00,tue,8,0,1,1,0,1,0,3,0,1,7
2022-11-08 19:00:00,tue,11,2,0,1,1,0,1,3,1,0,9
2022-11-08 20:00:00,tue,11,4,0,0,0,0,0,2,2,0,8
2022-11-08 21:00:00,tue,12,2,0,0,0,0,0,0,0,0,2
2022-11-08 22:00:00,tue,15,2,0,0,0,0,1,2,0,0,5
2022-11-08 23:00:00,tue,13,1,1,0,0,0,0,2,0,0,4
2022-11-09 0:00:00,wed,6,1,0,0,0,0,0,1,0,0,2
2022-11-09 1:00:00,wed,4,1,0,0,0,0,0,2,0,0,3
2022-11-09 2:00:00,wed,3,1,0,0,0,0,0,0,0,0,1
2022-11-09 3:00:00,wed,1,0,0,0,0,0,0,0,0,0,0
2022-11-09 4:00:00,wed,2,0,0,0,0,0,0,0,0,0,0
2022-11-09 5:00:00,wed,0,0,0,0,0,0,0,0,0,0,0
2022-11-09 6:00:00,wed,1,0,0,0,0,0,0,0,0,0,0
2022-11-09 7:00:00,wed,1,0,0,0,0,1,0,1,0,0,2
2022-11-09 8:00:00,wed,2,0,0,0,0,2,0,1,0,0,3
2022-11-09 9:00:00,wed,1,0,0,0,0,0,0,1,0,0,1
2022-11-09 10:00:00,wed,5,1,0,0,0,1,1,1,1,0,5
2022-11-09 11:00:00,wed,6,0,0,1,0,0,1,1,0,1,4
2022-11-09 12:00:00,wed,7,1,0,0,0,0,1,1,1,0,4
2022-11-09 13:00:00,wed,15,5,0,0,0,0,0,1,0,0,6
2022-11-09 14:00:00,wed,15,0,1,0,0,1,0,0,0,0,2
2022-11-09 15:00:00,wed,7,2,0,1,0,1,0,2,1,0,7
2022-11-09 16:00:00,wed,4,2,0,0,1,1,1,1,0,0,6
2022-11-09 17:00:00,wed,3,2,0,0,0,1,1,1,0,0,5
2022-11-09 18:00:00,wed,5,2,0,0,0,0,1,0,2,0,5
2022-11-09 19:00:00,wed,7,2,0,0,1,0,0,1,1,0,5
2022-11-09 20:00:00,wed,12,5,0,0,0,1,0,2,0,0,8
2022-11-09 21:00:00,wed,13,1,0,0,0,0,0,0,0,0,1
2022-11-09 22:00:00,wed,15,1,0,0,1,0,1,1,0,0,4
2022-11-09 23:00:00,wed,8,1,0,0,0,0,1,0,0,0,2
2022-11-10 0:00:00,thu,3,0,0,0,0,0,0,1,0,0,1
2022-11-10 1:00:00,thu,4,0,0,0,0,0,0,1,0,0,1
2022-11-10 2:00:00,thu,0,2,0,0,0,0,0,0,0,0,2
2022-11-10 3:00:00,thu,1,1,0,0,0,0,0,0,0,0,1
2022-11-10 4:00:00,thu,1,0,0,0,0,0,0,0,0,0,0
2022-11-10 5:00:00,thu,1,0,0,0,0,0,0,0,0,0,0
2022-11-10 6:00:00,thu,0,0,0,0,0,0,1,0,0,0,1
2022-11-10 7:00:00,thu,0,0,0,0,0,1,1,0,0,0,2
2022-11-10 8:00:00,thu,0,1,0,0,0,1,1,1,1,0,5
2022-11-10 9:00:00,thu,3,0,0,0,0,1,0,3,0,0,4
2022-11-10 10:00:00,thu,1,1,0,0,0,0,0,0,0,1,2
2022-11-10 11:00:00,thu,2,1,0,0,0,0,0,3,0,0,4
2022-11-10 12:00:00,thu,3,3,0,1,0,1,2,2,0,0,9
2022-11-10 13:00:00,thu,10,6,0,2,0,1,0,2,0,0,11
2022-11-10 14:00:00,thu,15,1,0,1,0,0,1,1,0,0,4
2022-11-10 15:00:00,thu,7,1,0,0,0,0,0,1,0,0,2
2022-11-10 16:00:00,thu,7,0,0,0,0,0,0,2,0,1,3
2022-11-10 17:00:00,thu,0,0,0,0,0,0,2,1,0,0,3
2022-11-10 18:00:00,thu,7,6,0,0,0,1,0,0,0,0,7
2022-11-10 19:00:00,thu,7,2,0,0,1,0,0,1,1,0,5
2022-11-10 20:00:00,thu,12,5,0,0,0,1,0,2,0,0,8
2022-11-10 21:00:00,thu,13,1,0,0,0,0,0,0,0,0,1
2022-11-10 22:00:00,thu,16,1,0,0,1,0,2,1,0,0,5
2022-11-10 23:00:00,thu,8,1,0,0,0,0,1,0,0,0,2
2022-11-11 0:00:00,fri,3,0,0,0,0,0,0,1,0,0,1
2022-11-11 1:00:00,fri,4,0,0,0,0,0,0,1,0,0,1
2022-11-11 2:00:00,fri,0,1,0,0,0,0,0,0,0,0,1
2022-11-11 3:00:00,fri,1,2,0,0,0,0,0,0,0,0,2
2022-11-11 4:00:00,fri,1,0,0,0,0,0,0,0,0,0,0
2022-11-11 5:00:00,fri,1,0,0,0,0,0,0,0,0,0,0
2022-11-11 6:00:00,fri,0,0,0,0,0,0,1,0,0,0,1
2022-11-11 7:00:00,fri,0,0,0,0,0,1,1,0,0,0,2
2022-11-11 8:00:00,fri,0,1,0,0,0,1,1,1,1,0,5
2022-11-11 9:00:00,fri,3,0,0,0,0,1,0,2,0,0,3
2022-11-11 10:00:00,fri,1,1,0,0,0,0,0,0,0,1,2
2022-11-11 11:00:00,fri,2,1,0,0,0,0,0,3,0,0,4
2022-11-11 12:00:00,fri,3,3,0,1,0,1,2,2,0,0,9
2022-11-11 13:00:00,fri,10,7,0,2,0,1,0,2,0,0,12
2022-11-11 14:00:00,fri,12,9,1,1,0,0,0,2,0,0,13
2022-11-11 15:00:00,fri,11,2,0,0,0,2,0,0,0,0,4
2022-11-11 16:00:00,fri,3,1,0,0,0,0,1,1,0,0,3
2022-11-11 17:00:00,fri,1,1,0,0,0,0,0,1,3,0,5
2022-11-11 18:00:00,fri,7,3,1,0,0,2,1,0,0,0,7
2022-11-11 19:00:00,fri,12,4,0,1,1,0,0,2,1,0,9
2022-11-11 20:00:00,fri,22,1,0,1,0,1,2,1,4,0,10
2022-11-11 21:00:00,fri,14,2,0,0,1,0,0,1,0,0,4
2022-11-11 22:00:00,fri,18,2,0,0,0,0,1,3,0,0,6
2022-11-11 23:00:00,fri,4,3,0,0,0,0,0,0,0,0,3
2022-11-12 0:00:00,sat,4,2,0,0,0,0,0,1,0,0,3
2022-11-12 1:00:00,sat,4,1,0,0,0,0,0,0,0,0,1
2022-11-12 2:00:00,sat,4,0,0,0,0,0,0,0,0,0,0
2022-11-12 3:00:00,sat,3,1,0,0,0,0,0,0,0,0,1
2022-11-12 4:00:00,sat,0,0,0,0,0,0,0,0,0,0,0
2022-11-12 5:00:00,sat,2,1,0,0,0,0,0,0,0,0,1
2022-11-12 6:00:00,sat,0,0,0,0,0,0,0,0,0,0,0
2022-11-12 7:00:00,sat,0,0,0,0,0,3,0,0,0,0,3
2022-11-12 8:00:00,sat,2,0,0,0,0,3,0,1,1,0,5
2022-11-12 9:00:00,sat,1,0,0,0,0,2,1,0,2,0,5
2022-11-12 10:00:00,sat,5,1,0,0,0,0,0,0,1,0,2
2022-11-12 11:00:00,sat,7,1,0,0,0,0,0,2,0,1,4
2022-11-12 12:00:00,sat,9,2,0,0,0,0,1,2,1,0,6
2022-11-12 13:00:00,sat,13,7,0,1,0,0,1,0,1,0,10
2022-11-12 14:00:00,sat,13,3,0,0,0,0,0,1,0,0,4
2022-11-12 15:00:00,sat,6,1,0,1,0,1,1,1,0,0,5
2022-11-12 16:00:00,sat,7,1,0,1,1,0,0,0,1,0,4
2022-11-12 17:00:00,sat,4,2,0,0,0,1,1,0,0,0,4
2022-11-12 18:00:00,sat,8,0,1,0,0,2,1,1,0,0,5
2022-11-12 19:00:00,sat,20,2,1,1,0,1,1,3,0,0,9
2022-11-12 20:00:00,sat,34,11,0,0,0,0,0,1,1,0,13
2022-11-12 21:00:00,sat,18,5,1,0,0,1,0,3,1,1,12
2022-11-12 22:00:00,sat,19,1,0,0,0,0,0,3,2,0,6
2022-11-12 23:00:00,sat,14,2,0,0,0,0,0,1,1,0,4
2022-11-13 0:00:00,sun,5,1,0,0,0,0,0,1,0,0,2
2022-11-13 1:00:00,sun,5,4,0,0,0,0,0,0,0,0,4
2022-11-13 2:00:00,sun,1,1,0,0,0,0,0,0,0,1,2
2022-11-13 3:00:00,sun,2,2,0,0,0,0,0,0,0,0,2
2022-11-13 4:00:00,sun,3,0,0,0,0,0,0,0,0,0,0
2022-11-13 5:00:00,sun,1,0,0,0,0,0,0,0,0,0,0
2022-11-13 6:00:00,sun,1,0,0,0,0,0,0,0,0,1,1
2022-11-13 7:00:00,sun,0,0,0,0,0,1,0,1,0,0,2
2022-11-13 8:00:00,sun,2,0,0,0,0,1,0,1,1,0,3
2022-11-13 9:00:00,sun,0,1,0,0,0,3,0,0,0,0,4
2022-11-13 10:00:00,sun,5,2,0,0,0,0,0,2,1,2,7
2022-11-13 11:00:00,sun,11,2,0,1,9,1,2,0,1,0,16
2022-11-13 12:00:00,sun,10,4,0,0,0,2,0,0,5,0,11
2022-11-13 13:00:00,sun,27,11,0,0,0,1,3,1,1,0,17
2022-11-13 14:00:00,sun,27,4,0,0,0,0,2,2,0,0,8
2022-11-13 15:00:00,sun,14,1,0,0,0,0,0,2,1,0,4
2022-11-13 16:00:00,sun,10,2,1,1,0,1,2,3,1,0,11
2022-11-13 17:00:00,sun,9,4,0,0,0,2,0,4,1,0,11
2022-11-13 18:00:00,sun,4,5,1,0,0,1,0,1,1,0,9
2022-11-13 19:00:00,sun,13,2,0,0,1,0,0,1,0,0,4
2022-11-13 20:00:00,sun,30,9,0,1,1,0,0,0,0,0,11
2022-11-13 21:00:00,sun,24,7,0,0,0,1,0,0,0,0,8
2022-11-13 22:00:00,sun,32,5,1,4,1,0,2,1,1,0,15
2022-11-13 23:00:00,sun,17,2,0,1,1,0,0,3,0,0,7
2022-11-14 0:00:00,mon,6,5,2,0,0,0,0,1,0,0,8
2022-11-14 1:00:00,mon,8,1,0,0,0,0,0,0,0,1,2
2022-11-14 2:00:00,mon,1,1,0,0,0,0,0,0,0,0,1
2022-11-14 3:00:00,mon,3,1,0,0,0,0,0,0,0,0,1
2022-11-14 4:00:00,mon,1,1,0,0,0,0,0,0,0,0,1
2022-11-14 5:00:00,mon,0,0,0,0,0,0,0,0,0,0,0
2022-11-14 6:00:00,mon,0,0,0,0,0,0,0,0,0,0,0
2022-11-14 7:00:00,mon,1,0,0,0,0,3,0,1,0,0,4
2022-11-14 8:00:00,mon,2,1,0,0,0,1,0,0,0,0,2
2022-11-14 9:00:00,mon,1,0,0,0,0,0,0,2,1,0,3
2022-11-14 10:00:00,mon,5,1,0,0,0,1,0,1,0,0,3
2022-11-14 11:00:00,mon,1,3,0,0,0,0,0,1,0,0,4
2022-11-14 12:00:00,mon,5,2,0,0,0,1,1,0,0,0,4
2022-11-14 13:00:00,mon,4,2,0,0,0,1,0,2,0,0,5
2022-11-14 14:00:00,mon,8,1,0,0,0,0,1,0,0,0,2
2022-11-14 15:00:00,mon,10,6,0,2,0,1,1,3,1,0,14
2022-11-14 16:00:00,mon,4,1,0,1,0,0,1,3,1,0,7
2022-11-14 17:00:00,mon,5,1,0,0,0,0,1,0,0,0,2
2022-11-14 18:00:00,mon,6,1,0,2,0,0,1,0,0,1,5
2022-11-14 19:00:00,mon,19,5,1,0,1,1,1,0,0,0,9
2022-11-14 20:00:00,mon,15,4,1,1,2,0,1,0,0,0,9
2022-11-14 21:00:00,mon,16,1,0,1,0,0,1,1,1,1,6
2022-11-14 22:00:00,mon,15,5,0,1,1,0,1,2,0,0,10
2022-11-14 23:00:00,mon,12,1,0,0,0,0,1,1,1,0,4
2022-11-15 0:00:00,tue,3,4,0,0,0,0,0,0,0,0,4
2022-11-15 1:00:00,tue,3,2,0,0,0,0,0,1,0,0,3
2022-11-15 2:00:00,tue,5,1,0,0,0,0,0,0,0,0,1
2022-11-15 3:00:00,tue,5,0,0,0,0,0,0,0,0,0,0
2022-11-15 4:00:00,tue,0,2,0,0,0,0,0,0,0,0,2
2022-11-15 5:00:00,tue,0,2,0,0,0,0,0,0,0,0,2
2022-11-15 6:00:00,tue,0,0,0,0,0,0,0,0,0,0,0
2022-11-15 7:00:00,tue,0,0,0,0,0,1,0,0,0,0,1
2022-11-15 8:00:00,tue,2,0,0,0,0,2,0,0,1,1,4
2022-11-15 9:00:00,tue,1,0,0,0,0,0,0,2,1,0,3
2022-11-15 10:00:00,tue,3,1,0,0,0,0,0,1,1,0,3
2022-11-15 11:00:00,tue,4,2,0,0,0,0,0,2,0,0,4
2022-11-15 12:00:00,tue,7,2,0,0,0,1,2,1,0,0,6
2022-11-15 13:00:00,tue,7,2,0,0,0,0,0,2,0,0,4
2022-11-15 14:00:00,tue,6,5,0,0,0,0,0,0,0,0,5
2022-11-15 15:00:00,tue,7,3,0,0,0,1,0,0,0,0,4
2022-11-15 16:00:00,tue,6,3,0,0,0,0,1,0,1,1,6
2022-11-15 17:00:00,tue,1,0,0,0,0,0,1,5,0,0,6
2022-11-15 18:00:00,tue,7,1,0,1,0,0,2,1,1,0,6
2022-11-15 19:00:00,tue,15,4,0,2,0,1,1,2,1,0,11
2022-11-15 20:00:00,tue,16,5,2,1,0,1,1,3,1,0,14
2022-11-15 21:00:00,tue,17,3,0,0,0,1,0,2,1,0,7
2022-11-15 22:00:00,tue,14,2,0,3,0,0,1,3,0,0,9
2022-11-15 23:00:00,tue,7,1,0,0,0,0,0,5,0,0,13
2022-11-16 0:00:00,wed,3,1,0,0,0,0,0,1,0,0,5
2022-11-16 1:00:00,wed,2,2,0,0,0,0,0,0,0,0,4
2022-11-16 2:00:00,wed,3,2,0,0,0,0,0,0,0,0,5
2022-11-16 3:00:00,wed,2,1,0,0,0,0,0,0,0,0,3
2022-11-16 4:00:00,wed,0,1,0,0,0,0,0,0,0,0,1
2022-11-16 5:00:00,wed,0,1,0,0,0,0,0,0,0,0,1
2022-11-16 6:00:00,wed,0,0,0,0,0,0,0,1,0,0,1
2022-11-16 7:00:00,wed,3,0,0,0,0,1,0,1,0,0,5
2022-11-16 8:00:00,wed,1,1,0,0,0,0,0,0,0,0,2
2022-11-16 9:00:00,wed,0,0,0,0,0,0,0,1,1,0,2
2022-11-16 10:00:00,wed,2,0,0,0,0,1,0,0,0,0,3
2022-11-16 11:00:00,wed,6,2,0,0,0,1,0,0,0,0,9
2022-11-16 12:00:00,wed,4,6,0,1,0,0,2,0,0,0,13
2022-11-16 13:00:00,wed,11,2,0,0,0,0,1,0,1,0,15
2022-11-16 14:00:00,wed,12,1,0,1,0,0,0,1,0,0,15
2022-11-16 15:00:00,wed,8,2,0,1,0,0,1,2,0,1,15
2022-11-16 16:00:00,wed,9,1,0,0,0,0,0,3,0,0,13
2022-11-16 17:00:00,wed,5,6,0,1,0,1,0,3,1,0,17
2022-11-16 18:00:00,wed,5,3,0,1,0,2,0,3,2,0,16
2022-11-16 19:00:00,wed,9,7,0,1,0,1,1,2,1,0,22
2022-11-16 20:00:00,wed,20,10,0,0,0,0,0,1,2,0,33
2022-11-16 21:00:00,wed,16,2,0,1,0,0,0,1,0,1,21
2022-11-16 22:00:00,wed,15,4,0,1,0,0,1,1,0,1,23
2022-11-16 23:00:00,wed,5,5,1,0,1,0,0,0,0,0,12